country_name	Net Electricity Production_Electricity_GWh_2012	Net Electricity Production_Electricity_GWh_2013	Net Electricity Production_Electricity_GWh_2014	Net Electricity Production_Electricity_GWh_2015	Net Electricity Production_Electricity_GWh_2016	Net Electricity Production_Electricity_GWh_2017	Net Electricity Production_Electricity_GWh_2018	Net Electricity Production_Electricity_GWh_2019	Net Electricity Production_Electricity_GWh_2020	Net Electricity Production_Electricity_GWh_2021	Net Electricity Production_Electricity_GWh_2022	WS_HCF_W-B_2012	WS_HCF_W-B_2013	WS_HCF_W-B_2014	WS_HCF_W-B_2015	WS_HCF_W-B_2016	WS_HCF_W-B_2017	WS_HCF_W-B_2018	WS_HCF_W-B_2019	WS_HCF_W-B_2020	WS_HCF_W-B_2021	WS_PPL_W-SM_2012	WS_PPL_W-SM_2013	WS_PPL_W-SM_2014	WS_PPL_W-SM_2015	WS_PPL_W-SM_2016	WS_PPL_W-SM_2017	WS_PPL_W-SM_2018	WS_PPL_W-SM_2019	WS_PPL_W-SM_2020	WS_PPL_W-SM_2021	WS_PPL_W-SM_2022	delta_Net Electricity Production_Electricity_GWh_2013	delta_Net Electricity Production_Electricity_GWh_2014	delta_Net Electricity Production_Electricity_GWh_2015	delta_Net Electricity Production_Electricity_GWh_2016	delta_Net Electricity Production_Electricity_GWh_2017	delta_Net Electricity Production_Electricity_GWh_2018	delta_Net Electricity Production_Electricity_GWh_2019	delta_Net Electricity Production_Electricity_GWh_2020	delta_Net Electricity Production_Electricity_GWh_2021	delta_Net Electricity Production_Electricity_GWh_2022	delta_WS_PPL_W-SM_2013	delta_WS_PPL_W-SM_2014	delta_WS_PPL_W-SM_2015	delta_WS_PPL_W-SM_2016	delta_WS_PPL_W-SM_2017	delta_WS_PPL_W-SM_2018	delta_WS_PPL_W-SM_2019	delta_WS_PPL_W-SM_2020	delta_WS_PPL_W-SM_2021	delta_WS_PPL_W-SM_2022
Argentina	NaN	NaN	NaN	11465.902666666667	11597.680833333334	11492.935416666667	11599.009758333334	11038.526083333332	NaN	NaN	NaN	NaN	NaN	NaN	NaN	NaN	NaN	NaN	NaN	NaN	NaN	NaN	NaN	NaN	NaN	NaN	NaN	NaN	NaN	NaN	NaN	NaN	NaN	NaN	NaN	1.149304773445954	-0.9031582966623282	0.9229525601687539	-4.832168320207857	NaN	NaN	NaN	NaN	NaN	NaN	NaN	NaN	NaN	NaN	NaN	NaN	NaN
Australia	19709.100083333335	19280.250083333332	19851.019666666667	20088.502633333334	20492.613925	20440.10325	20647.603133333334	20981.114008333334	21002.047516666666	21307.411883333334	21861.123416666665	NaN	NaN	NaN	NaN	NaN	NaN	NaN	NaN	NaN	NaN	NaN	NaN	NaN	NaN	NaN	NaN	NaN	NaN	NaN	NaN	NaN	-2.1758984336512244	2.960384750541862	1.1963262877898504	2.011654621764175	-0.25624195718605164	1.015160641780681	1.61525225396057	0.09977310225289884	1.4539742681009529	2.5986803857977923	NaN	NaN	NaN	NaN	NaN	NaN	NaN	NaN	NaN	NaN
Austria	5776.267833333332	5441.641333333333	5186.4664999999995	5163.1435	5413.375916666667	5674.466258333334	5448.642583333333	5925.094158333333	5799.284008333333	5673.689083333334	5423.274458333333	NaN	NaN	NaN	NaN	NaN	NaN	NaN	NaN	NaN	NaN	98.77435270231356	98.91264185749162	98.91103088214798	98.90942134522672	98.90780818930264	98.90620205378433	98.90447481512984	98.90261913148836	98.90064308467564	98.89854282494248	98.89632338658129	-5.793126455614771	-4.689299012969374	-0.4496895911696222	4.846512917308355	4.823059504565787	-3.9796460974345096	8.74440868001512	-2.123344315516993	-2.1656970898394468	-4.4136120489154465	0.14000512419943023	-0.0016286849824102367	-0.0016272572501875259	-0.001630942636339699	-0.001623871307755019	-0.0017463400864816438	-0.0018762383046357198	-0.001997972177159112	-0.002123605739708238	-0.00224415678714621
Belgium	6648.583416666667	6690.000166666666	5818.133333333334	5614.941666666667	6866.899983333334	6927.108341666666	6005.883333333334	7495.000008333333	7176.991675	8052.091675000001	7656.424916666667	NaN	NaN	NaN	NaN	NaN	NaN	NaN	NaN	NaN	NaN	99.6562942460374	99.6646061190648	99.67292408505617	99.68123686119162	99.68955963654749	99.69786904929532	99.70618599279996	99.71450454021208	99.72281208957982	99.73113432747547	99.739449377802	0.622940969593237	-13.032388813343553	-3.4923858740489644	22.29690691354764	0.876790960687708	-13.298839326536138	24.794299062308333	-4.242939732885322	12.193131044700568	-4.913838221213915	0.008340539943091176	0.008345957823211288	0.008340054444836932	0.008349390133926828	0.00833528884883183	0.008342147714838662	0.00834306049247263	0.008331334950766859	0.008345370253076223	0.00833746691301732
Brazil	NaN	NaN	NaN	47005.163083333326	47473.448333333334	48343.794475	49366.37140833333	51473.94955	51166.334075	53255.99806666666	55253.362375	NaN	NaN	NaN	88.884903	88.884903	NaN	NaN	NaN	NaN	NaN	NaN	NaN	NaN	82.00246168382645	82.74326021049153	83.6051549791106	84.40003882306921	85.19092589711046	85.92161788358636	86.64403311599396	87.25871547189513	NaN	NaN	NaN	0.9962421557176738	1.8333324673521934	2.1152186013494134	4.269258771793978	-0.597613895357285	4.084060406992644	3.7504964339096727	NaN	NaN	NaN	0.9033857172743677	1.04164951492905	0.9507593690331936	0.9370695618982067	0.8577110517127127	0.8407840194377927	0.7094341454284171
Bulgaria	NaN	NaN	NaN	3727.250083333334	3435.083666666667	3445.5951666666665	3559.274191666667	3362.177916666667	3102.9113333333335	3621.484233333333	3811.7460166666665	NaN	NaN	NaN	NaN	NaN	NaN	NaN	NaN	NaN	NaN	NaN	NaN	NaN	96.76209216447714	96.60156349604948	96.44181386150008	96.28281310575667	96.12456448958274	95.96707640546336	95.81034352398456	95.6543313759674	NaN	NaN	NaN	-7.83865880030723	0.30600419145539337	3.2992565725582783	-5.537541206054359	-7.711268997637573	16.712462725865826	5.25369630446272	NaN	NaN	NaN	-0.16590036949055528	-0.165369615944086	-0.1648670316090768	-0.16435811446443271	-0.1638375008049542	-0.16331942927655965	-0.16283434781558787
Canada	51228.08341666666	53294.49991666666	53439.666666666664	53207.833249999996	53703.08283333333	53678.416750000004	52949.500008333336	52269.083341666665	51955.70165	52105.916666666664	53203.90101666667	NaN	NaN	NaN	NaN	NaN	NaN	NaN	NaN	NaN	NaN	98.65167709981	98.7072535526378	98.7627063399284	98.81806209923354	98.87330748525872	98.92850336575616	98.98362608550524	99.0386196317734	99.03894619179758	99.03932082667262	99.03972928524249	4.033757193671835	0.27238598772292133	-0.43382272219762136	0.9307832194676534	-0.04593047927969686	-1.3579326399686849	-1.2850294460940814	-0.5995545963914917	0.28912133201200163	2.1072162630283624	0.05633604461844509	0.05617903983219793	0.0560492531610225	0.05590616214442629	0.05582485495963152	0.05571975504903826	0.055558225580319066	0.00032972998350711886	0.00037827025574207275	0.00041242060875979885
Chile	5486.666666666667	5812.000166666666	5787.666499999999	6002.416583333333	6371.166499999999	6419.016583333333	6656.872583333334	6841.681408333334	6826.7276999999995	7130.0315083333335	7368.458058333334	NaN	NaN	NaN	NaN	NaN	NaN	NaN	NaN	NaN	NaN	97.2304063276018	97.65809673419432	98.08776358008517	98.38247356791491	98.57763488943	98.7702384337868	98.77136701847628	98.77136654421062	98.77137068473726	98.77136763963976	98.7713643041914	5.929529161603867	-0.4186797310541446	3.7104778468720228	6.143357621837838	0.7510411685730347	3.7054897259119457	2.776210941196349	-0.21856773855503392	4.442887158562573	3.343976106155148	0.43987310425453313	0.43997053010393655	0.30045540551969835	0.19837000884142675	0.19538259826666998	0.0011426363926809366	-4.801651285449237e-07	4.192031341083239e-06	-3.0829758453949506e-06	-3.37693852860927e-06
China	NaN	NaN	NaN	463253.2141666667	489670.17675000004	530331.9265	564221.5102083334	593280.2616916667	614216.2322166667	672060.0230583333	701411.175225	NaN	NaN	NaN	90.5	90.5	90.5	90.5	90.5	90.5	90.5	NaN	NaN	NaN	NaN	NaN	NaN	NaN	NaN	NaN	NaN	NaN	NaN	NaN	NaN	5.7024887848547605	8.303905706464878	6.390259008540651	5.150238152495042	3.5288500017350373	9.417496283501354	4.367340886175442	NaN	NaN	NaN	NaN	NaN	NaN	NaN	NaN	NaN	NaN
Colombia	NaN	NaN	5752.274916666666	6343.499666666667	6205.105833333334	6448.809666666667	6474.012558333333	6506.5586583333325	6423.922374999999	6813.803691666667	6813.8037	NaN	NaN	NaN	NaN	NaN	NaN	NaN	NaN	NaN	NaN	NaN	NaN	72.28810150664431	72.50683793402327	72.72159971267536	72.93200624708477	73.12643788793517	73.27191936387443	73.41323109731101	73.71989554245077	73.8560448264451	NaN	NaN	10.278103160316332	-2.181663759841494	3.92747263107384	0.39081463044160586	0.5027191360342098	-1.2700459286184427	6.069209649605516	1.2230075598116007e-07	NaN	NaN	0.30258980775536337	0.2961952069231175	0.2893315538172099	0.2665930239073443	0.19894511498318954	0.19285933091886806	0.4177236726350706	0.18468458615208985
Costa Rica	NaN	NaN	NaN	NaN	NaN	NaN	NaN	NaN	NaN	1042.0	1042.804475	NaN	NaN	NaN	NaN	NaN	NaN	NaN	NaN	NaN	100.0	NaN	NaN	NaN	NaN	NaN	NaN	NaN	NaN	NaN	80.51168811121977	80.50757848783849	NaN	NaN	NaN	NaN	NaN	NaN	NaN	NaN	NaN	0.07720489443377267	NaN	NaN	NaN	NaN	NaN	NaN	NaN	NaN	NaN	-0.005104381087631909
Croatia	NaN	NaN	NaN	NaN	NaN	NaN	1098.4666666666667	1020.8416666666667	1072.9250083333334	1227.3499916666667	NaN	NaN	NaN	NaN	NaN	NaN	NaN	NaN	NaN	NaN	NaN	NaN	NaN	NaN	NaN	NaN	NaN	NaN	NaN	NaN	NaN	NaN	NaN	NaN	NaN	NaN	NaN	NaN	-7.066668689688657	5.101999983673604	14.392896254064851	NaN	NaN	NaN	NaN	NaN	NaN	NaN	NaN	NaN	NaN	NaN
Cyprus	NaN	NaN	NaN	359.45966666666664	388.9698333333333	398.18991666666665	402.27341666666666	409.4823333333333	387.526425	406.73675000000003	417.9414	NaN	NaN	NaN	NaN	NaN	NaN	NaN	NaN	NaN	NaN	NaN	NaN	NaN	98.9628141538222	99.2223052535276	99.48174563326832	99.741113800891	99.76519236317922	99.7651721581168	99.76513247681558	99.76506273522055	NaN	NaN	NaN	8.209590505749842	2.3703851926820345	1.0255156720651972	1.7920440098680774	-5.361869498643401	4.957165179122949	2.7547670575624057	NaN	NaN	NaN	0.2622107120984472	0.2614738481209598	0.26071935707564153	0.024141060161300458	-2.0252617118375836e-05	-3.977470329470488e-05	-6.99057810034452e-05
Denmark	2433.3656666666666	2761.51025	2567.9374166666666	2326.7618333333335	2423.422416666667	2469.858333333333	2442.9570833333332	2390.3096666666665	2322.970908333333	2659.3585749999997	2873.4250333333334	NaN	NaN	NaN	NaN	NaN	NaN	NaN	NaN	NaN	NaN	97.593687158432	97.99059382393854	98.3875001402106	98.7844096414334	99.18130904391045	99.57821741888152	99.91883113297718	99.91883034791046	99.91882405988642	99.9188271844994	99.91882919248324	13.48521464851768	-7.009672817015007	-9.39180144220155	4.15429641094193	1.9161296993586998	-1.0891819031455876	-2.155069240710158	-2.8171562568810815	14.480924640938152	8.04955226217787	0.40669297068590404	0.4050453219879396	0.4034145604443287	0.40178344327582455	0.4001846505124805	0.3420564486134973	-7.857044648247651e-07	-6.293132152709896e-06	3.1271514825183845e-06	2.0096150990272025e-06
Estonia	877.25	985.25	917.7500833333334	755.1666666666666	869.4730916666667	937.3743416666666	911.0668333333333	550.008325	443.06534166666665	538.4079166666667	614.3975916666667	100.0	100.0	100.0	100.0	100.0	100.0	100.0	100.0	100.0	100.0	95.88739995023148	96.28194228480432	96.67541958256668	96.84609674512149	96.87794315308588	96.91004805869754	96.9427504837686	96.97601045221823	96.99838838396984	97.00866426414586	97.01938262043194	12.311199772014819	-6.851044574135158	-17.71543469395854	15.136582432134201	7.809471121163972	-2.806510394402107	-39.63029880171615	-19.443884478172826	21.518851969181902	14.113773710917766	0.41146421195862287	0.40867195698903136	0.17654659611695955	0.03288352244923981	0.03313954091792466	0.03374513347806562	0.03430887640762382	0.023075739708463446	0.010593866915960799	0.011048864931169189
Finland	5642.229166666667	5696.120916666667	5454.812833333333	5512.793666666667	5515.93265	5420.264991666667	5627.749650000001	5504.36755	5549.870141666666	5776.783366666667	5851.2268583333325	NaN	NaN	NaN	NaN	NaN	NaN	NaN	NaN	NaN	NaN	98.57515442672884	98.97222084816713	99.36929047008049	99.63062604547734	99.63187157870033	99.63312865739778	99.63454782820008	99.63615198214396	99.63792535712892	99.63990230782213	99.64202706177994	0.9551499665838299	-4.236358161345797	1.0629298402142056	0.05693997495883718	-1.7343877165239288	3.8279430738594704	-2.192387857906947	0.8266633950828081	4.088622241742336	1.2886668400311079	0.4028057817889828	0.40119299992520413	0.2629943055450747	0.0012501509550048222	0.0012617234601041366	0.001424396504889156	0.0016100378622073814	0.0017798509373202253	0.0019841347419861538	0.002132432799112376
France	45667.7365	46480.90825	45708.830500000004	46260.56541666667	45034.98	44820.792675	46485.96399166667	45589.938733333336	42489.22891666667	44374.75924166667	37680.7005	NaN	NaN	NaN	NaN	NaN	NaN	NaN	NaN	NaN	NaN	98.46149055191532	98.58955410028392	98.7184468243982	98.84819803235747	98.97879003171852	99.11024776233472	99.24255690112908	99.37573798147258	99.50978126202163	99.64470643671896	99.70414541239874	1.7806263509469127	-1.6610642499654615	1.2070641725709172	-2.6493092024013976	-0.47560213194278367	3.715175964738054	-1.9275178600017016	-6.801302881329753	4.437666611220588	-15.085284643935898	0.13006460459897037	0.13073669446072575	0.13143562539033546	0.1321136874121831	0.13281404084054613	0.13349693072267438	0.13419755042807602	0.13488531836014295	0.13558986160571962	0.05965091152888299
Germany	49285.916666666664	50077.1665	49239.500166666665	50857.666666666664	51194.333341666665	51587.750008333336	50470.916666666664	47988.666658333335	45638.500024999994	46540.666658333335	46040.100158333335	NaN	NaN	NaN	NaN	NaN	NaN	NaN	NaN	NaN	NaN	99.88771537127371	99.89072998274122	99.89375300934152	99.8967748879838	99.89984052684068	99.90294679018466	99.90611557839088	99.90934445947728	99.9126502107578	99.91604275367646	99.91641190209806	1.6054278521078573	-1.6727510597735886	3.286317884062192	0.6619782169846574	0.7684769797489927	-2.1649196591947932	-4.918178967755349	-4.897336802595306	1.9767666177441194	-1.0755464756763897	0.003018000217845823	0.003026333475413962	0.003025092712243601	0.0030688066359690312	0.003109377680283336	0.00317186660457515	0.0032319153514348835	0.0033087508464858945	0.0033955088885188004	0.00036945860887205675
Greece	4471.166666666667	4380.000083333333	3891.8333333333335	3983.8334166666664	4185.55875	4215.767833333333	4173.63785	3796.4166583333335	3777.8952583333335	4421.329841666667	4118.863708333333	NaN	NaN	NaN	NaN	NaN	NaN	NaN	NaN	NaN	NaN	99.29644550286302	99.26519667196264	99.23347101129733	99.184433819502	99.133636394478	99.08283227975198	99.0320361272461	98.9812373437398	98.93044158600074	98.87963707351123	98.87964128609896	-2.038988705408736	-11.145359376990877	2.363926598432604	5.063598605539094	0.7217455335762085	-0.999343061546675	-9.038186954018219	-0.4878653126585735	17.031562267747795	-6.8410669225102545	-0.03147024119758658	-0.03196050753836555	-0.049415979604037534	-0.05121511820740274	-0.05124810969695247	-0.05126635092794192	-0.05129530351271742	-0.051318572188246765	-0.05135377106887935	4.260318757671585e-06
Hungary	2695.909	2335.885083333333	2261.7500833333334	2345.836083333333	2462.3340166666667	2560.6666666666665	2490.916675	2678.083341666667	2742.833325	2845.6666583333335	2810.9806166666663	NaN	NaN	NaN	NaN	NaN	NaN	NaN	NaN	NaN	NaN	87.07817829277876	88.59905443323021	90.11402468233554	91.62311446097954	93.12667260085446	94.6244414524352	96.14338385285218	97.629550657545	99.10948170930392	99.9999988534441	100.0	-13.35445360606263	-3.173743457199886	3.7177405505419543	4.966158298997385	3.9934732385785585	-2.723899700598799	7.5139673898030725	2.4177732756082535	3.7491645006658754	-1.2189074066384993	1.7465640304714238	1.7099169497875848	1.6746447447705815	1.6410249190069406	1.6083135043386079	1.605232619714327	1.5457816701848133	1.5158638360941314	0.8985186167678029	1.1465559158105633e-06
Iceland	1441.33325	1500.0	1483.5835833333333	1546.4999166666666	1514.3006666666668	1570.524583333333	1619.3748249999999	1593.3160916666666	1564.891175	1602.2456666666667	1643.703425	NaN	NaN	NaN	NaN	NaN	NaN	NaN	NaN	NaN	NaN	96.5779714701861	97.11316958356316	97.64836847966798	98.1835638232079	98.71876069033064	99.25395617040746	99.78915719909529	99.99999846047686	100.0	100.0	100.0	4.070311289911622	-1.0944277777777793	4.240835099561575	-2.0820725337898702	3.712863495624582	3.110441070778109	-1.6091847873041558	-1.7840098907764816	2.387034463701076	2.587478262280622	0.5541616843156421	0.5511084628375689	0.5480842658946851	0.5450982285450812	0.5421416115176618	0.5392238751359643	0.21128674427113606	1.539523163782971e-06	0.0	0.0
India	NaN	NaN	NaN	100281.79744166667	112134.75046666666	117859.03518333333	126795.09331666667	129800.63927500001	119254.51881666666	130004.51636666666	139001.71198333334	NaN	NaN	NaN	NaN	NaN	NaN	NaN	NaN	NaN	NaN	NaN	NaN	NaN	NaN	NaN	NaN	NaN	NaN	NaN	NaN	NaN	NaN	NaN	NaN	11.819645566180432	5.104826731092848	7.581988194144834	2.370396108962268	-8.124860183461793	9.014331412066888	6.9206792718576455	NaN	NaN	NaN	NaN	NaN	NaN	NaN	NaN	NaN	NaN
Ireland	2206.588583333333	2093.0170833333336	2109.385583333333	2302.1093333333333	2474.2949166666667	2507.7891583333335	2529.8010833333333	2523.0079083333335	2626.56635	2584.9949	2779.2398166666667	NaN	NaN	NaN	NaN	NaN	NaN	NaN	NaN	NaN	NaN	95.02115731371572	95.11063738349296	95.19962514850822	95.28813235052756	95.37613767692288	95.46347294553128	95.55008231128714	95.70191911201135	95.85353667900984	95.99583146777294	95.99140503980652	-5.146926838007806	0.7820528618873551	9.136487492981276	7.479470277113977	1.3536883352526832	0.877742250653513	-0.26852605308591787	4.104562705674432	-1.5827298632680615	7.514324947668814	0.09416857498569145	0.09356236848298702	0.09297011609160762	0.09235706926396844	0.09156930730854136	0.09072513610025379	0.15890807946093785	0.15842688255919482	0.1484502228015021	-0.004611062687558373
Italy	23983.615333333335	23236.11608333333	22428.994583333333	22702.368416666664	23308.55183333333	23772.1375	23320.384916666666	23662.504666666664	22637.332416666668	23337.100749999998	23177.17805833333	NaN	NaN	NaN	NaN	NaN	NaN	NaN	NaN	NaN	NaN	94.97284863296588	94.74056782844532	94.50815485523694	94.25135524159886	93.99455562796076	93.73775601432268	93.4809564006846	93.22415678704652	92.96735717340844	92.71055755977036	92.71055755977036	-3.116707967547752	-3.473564588442235	1.218841229452485	2.6701329374147793	1.9889080625064843	-1.9003448189433312	1.4670416085434812	-4.332475637898783	3.0912137545770517	-0.6852723197274909	-0.2445760107904456	-0.2453151575249506	-0.2717221746963881	-0.27246251576948444	-0.27320690216837323	-0.2739553671402611	-0.27470794429762513	-0.27546466762331945	-0.27622557147567556	0.0
Japan	89773.16558333334	88135.03008333333	87464.636	85917.41866666666	85797.88091666666	85043.60948333333	86528.38306666668	83458.08231666667	80522.223775	82559.85009166667	83704.92074166668	NaN	NaN	NaN	NaN	NaN	NaN	NaN	NaN	NaN	NaN	98.23246068074933	98.27977289512576	98.32709287591484	98.37442062311663	98.42175613673116	98.4690994167584	98.51645046319832	98.56380927605096	98.6111758553163	98.65855020099436	98.65855020099436	-1.8247496224017847	-0.7606443007955661	-1.7689633251698824	-0.13913098397866572	-0.8791259472549594	1.74589671387869	-3.5483163341148587	-3.5177641999094518	2.5305142122755053	1.3869582475363393	0.048163523593484255	0.04814823986170452	0.048132967036376324	0.04811770510534937	0.048102454056462705	0.048087213877645786	0.048071984556860556	0.04805676608204369	0.04804155844116432	0.0
Latvia	476.59116666666665	483.3298333333333	394.34141666666665	424.4004166666667	493.88183333333336	585.3571000000001	516.9127916666666	495.58042499999993	453.472725	461.997775	397.56784166666665	NaN	NaN	NaN	NaN	NaN	NaN	NaN	NaN	NaN	NaN	94.27701279264826	94.55749407183173	94.83807539650272	95.11897313770102	95.40130649011738	95.68483130461388	95.9692852409253	96.25441324599024	96.5399613194845	96.82567189664135	97.11127225931054	1.413930248392483	-18.411529876595655	7.622582546384833	16.371665516351015	18.521690917294325	-11.692744195523282	-4.126879235835001	-8.49664310288283	1.8799476859385453	-13.945940179762411	0.29750760113745783	0.29673092273135254	0.2961866739955593	0.2968212787659438	0.2971917523224616	0.2972821631527567	0.29710339547610093	0.29665972069718494	0.2959505817609893	0.2949634710245606
Lithuania	390.77624999999995	370.89841666666666	345.3320833333333	389.69266666666664	337.6231666666667	333.0083416666667	276.19168333333334	313.716675	438.44166666666666	400.866675	362.9053083333333	100.0	100.0	100.0	100.0	100.0	100.0	100.0	100.0	100.0	100.0	86.38263781659529	88.35362059603037	90.3379728931866	92.33559130376428	93.99288117399388	94.44230919466068	94.87325128159948	94.89748744511516	94.92379327407676	94.95175037296887	94.98149647144142	-5.086755741510209	-6.893082360152084	12.845775262217412	-13.361683309411335	-1.3668567372203415	-17.061632164819898	13.58657553108798	39.757208209180035	-8.570123353543803	-9.469823518422094	2.2816885768408697	2.2459207486573445	2.2112721224546483	1.7948548840473404	0.4781511270357243	0.45630193777934713	0.025545834245465256	0.02772025863889301	0.029452150960081212	0.031327593599592536
Luxembourg	315.57366666666667	238.364	244.80049999999997	228.12966666666668	180.6153416666667	183.71109166666668	180.82975	156.42725	183.788425	181.64283333333333	181.05345833333334	NaN	NaN	NaN	NaN	NaN	NaN	NaN	NaN	NaN	NaN	99.7764862682278	99.7237508144043	99.67429154254684	99.62786078977403	99.58425066314012	99.54322640375104	99.50460384625129	99.51253086190972	99.52006544208746	99.52723297997088	99.53408195746526	-24.466447876407095	2.700281921766696	-6.809967027572776	-20.82777119445227	1.7140016852573465	-1.5684092019303417	-13.494737453322811	17.49130985809698	-1.1674248074472922	-0.32446917347871684	-0.052853588852321	-0.04959628118030437	-0.04658247583629662	-0.04377302321679898	-0.041195529529926514	-0.03879978467153064	0.007966481300389804	0.007571488849166754	0.007202103265888163	0.006881511008915448
Malta	NaN	NaN	NaN	103.41591666666666	67.20691666666666	133.53825	158.88840833333333	166.25995833333334	172.93984166666667	179.447525	183.47085	NaN	NaN	NaN	NaN	NaN	NaN	NaN	NaN	NaN	NaN	NaN	NaN	NaN	99.89585034960773	99.8782191179984	99.86058504716816	99.84295232038431	99.82531972774426	99.80768555162824	99.79004773602756	99.7724155281172	NaN	NaN	NaN	-35.0129855897424	98.69718270564914	18.9834435701631	4.639451094843355	4.0177342760671655	3.762975188722907	2.2420621293049314	NaN	NaN	NaN	-0.017649613620209816	-0.017655571941473245	-0.01765734376132073	-0.017660327775038346	-0.017665033444533785	-0.017671801027342206	-0.017669305016276882
Mexico	23700.40125	23924.198416666666	24170.811416666667	24814.745583333333	25239.666	25744.427833333335	28406.5	28194.16665833333	26019.439166666667	26916.932758333336	27875.62250833333	NaN	NaN	NaN	NaN	NaN	NaN	NaN	NaN	NaN	NaN	41.67959172182006	41.84208399017105	42.00296103677734	42.16216393988934	42.31975779471252	42.47569959105446	42.63002404653048	42.78274365722524	42.89210182038559	42.96604199119669	43.03787942132716	0.9442758555265692	1.0308098758627564	2.664098261188905	1.712370635595244	1.9998752492736391	10.34038194167932	-0.7474815329824803	-7.713395178586993	3.4493195103776184	3.561660455919477	0.3898605087964913	0.3844862188128248	0.37902780942657827	0.373780280935924	0.3684846144403466	0.3633241052220914	0.3582442518166707	0.2556127863994124	0.17238644802423028	0.16719582908100036
New Zealand	3567.1516666666666	3489.237916666667	3518.969416666667	3574.6086666666665	3558.5874249999997	3592.426758333333	3604.478525	3632.5033583333334	3598.5399249999996	3605.7989	3559.5049333333336	NaN	NaN	NaN	NaN	NaN	NaN	NaN	NaN	NaN	NaN	91.25857262079909	92.23928533986064	93.21999889084688	94.20071358433351	95.181429686498	96.16214561726058	97.1428571624635	98.12357498401782	99.1042880185472	99.99999623061082	100.0	-2.184200653088754	0.8520915085206604	1.5811234316638032	-0.44819568128017406	0.9509203875561199	0.3354770320288512	0.7775003551542422	-0.9349869768301304	0.20172000731658388	-1.2838754448193483	1.074652704833167	1.0632276121532658	1.052043236596656	1.041092009655005	1.0303647822824107	1.0198519790794787	1.0095624631609827	0.999467288762267	0.903803690003801	3.769389323312552e-06
North Macedonia	NaN	NaN	NaN	439.83324999999996	440.3544166666666	435.57216666666665	440.2294083333333	458.40117499999997	419.3964	433.240075	453.36065833333333	NaN	NaN	NaN	100.0	100.0	100.0	100.0	100.0	100.0	100.0	NaN	NaN	NaN	80.3782453257937	80.39584720039693	80.41636945280716	80.3237909019868	80.35073390518379	80.38050305925564	80.41318215079289	80.44702587028334	NaN	NaN	NaN	0.11849187542475673	-1.0860002350379463	1.0692238905684586	4.12779480940704	-8.508873259323547	3.3008568981517152	4.644211026261442	NaN	NaN	NaN	0.021898804249688323	0.025526508053428126	-0.11512401200192635	0.033542992548579974	0.03704901327595327	0.0406554951679717	0.04208727796269024
Norway	12260.833333333334	11123.833333333334	11778.499916666668	11991.999916666668	12373.25	12396.916916666667	12195.5375	11172.993766666666	12858.561241666668	13103.939333333334	12161.554158333332	NaN	NaN	NaN	NaN	NaN	NaN	NaN	NaN	NaN	NaN	99.36596663766096	99.31168055599431	99.25739104028597	99.20311051903045	99.14882228017537	99.09453738843646	99.04024635256884	98.98596340455008	98.93168065523412	98.877395807563	98.82311033748654	-9.273431659077007	5.885260626582565	1.8126247103665203	3.1792035188681513	0.19127486041797442	-1.6244314454985826	-8.384572909011464	15.086086237949017	1.9082857487317202	-7.191617352827599	-0.05463246975154072	-0.05466579097686108	-0.054686629062706084	-0.05472433129469775	-0.054750919365944346	-0.05478711268897481	-0.054808979195717	-0.05483883517313325	-0.05487104566664494	-0.054901799984817944
Peru	NaN	NaN	NaN	NaN	NaN	NaN	4442.238408333334	4606.993391666667	4272.179483333333	4591.090283333334	4763.555258333333	NaN	NaN	NaN	NaN	NaN	NaN	45.833351	45.833351	45.833351	45.833351	NaN	NaN	NaN	NaN	NaN	NaN	50.83094059458183	51.11794794338503	51.40620953081537	51.69531259227843	51.98521171202588	NaN	NaN	NaN	NaN	NaN	NaN	3.708828031927873	-7.267514404057096	7.464826823033498	3.756514560954828	NaN	NaN	NaN	NaN	NaN	NaN	0.5646311979396919	0.5639146308251538	0.5623893768898814	0.5607841508453405
Poland	12304.083250000001	12506.583416666666	12101.166749999999	12557.916583333334	12666.847249999999	12734.9734	12921.360341666666	12596.700700000001	12158.623258333333	13878.873	13715.551975	NaN	NaN	NaN	NaN	NaN	NaN	NaN	NaN	NaN	NaN	92.65698627179069	92.3521229835978	92.036903592949	91.71144545017238	91.37841561524546	91.03812219959153	90.6905867680132	90.33597770437775	89.6191876786659	88.9061779521799	88.91449930744037	1.645796460834779	-3.2416260553333602	3.774428059454145	0.8674262640925351	0.5378303586948353	1.463583282134423	-2.5125809750832238	-3.477715729696333	14.148392503959146	-1.1767599934086814	-0.32902353126253825	-0.34132338322615163	-0.35361700586541567	-0.3631278880102882	-0.37240021438624893	-0.3817471441429637	-0.3910097798160042	-0.7934712657425778	-0.795599407843915	0.009359704187192832
Portugal	3771.2251666666666	4200.991666666667	4293.925749999999	4245.015083333334	4905.151416666667	4805.74765	4849.7680083333335	4348.766658333333	4356.5221	4192.616125	4062.946483333333	NaN	NaN	NaN	NaN	NaN	NaN	NaN	NaN	NaN	NaN	94.3637135468122	94.45235092180803	94.5389069370452	94.62334159411326	94.70568229771165	94.78596065420996	94.86413723006338	94.94031142943425	95.01444466190634	95.08657780183329	95.15673399219878	11.395938481707386	2.212193946270606	-1.1390664281203686	15.550859546415813	-2.026517801854462	0.9159939626320829	-10.330418880637842	0.1783365785286676	-3.7623124877525713	-3.092809782738371	0.09393163077654339	0.09163987385429855	0.08931207246164244	0.0870194417267474	0.08476614554758491	0.0824769568339517	0.0802982049856538	0.07808404181104199	0.07591807770241837	0.07378138112374277
Serbia	NaN	NaN	NaN	2969.9165	3052.3333333333335	2858.212666666667	2898.61725	2880.4126666666666	2939.489341666667	2946.037325	2729.9400416666667	NaN	NaN	NaN	98.099998	98.099998	98.099998	98.099998	98.099998	98.099998	98.099998	NaN	NaN	NaN	74.86615196661012	74.88875673113697	74.91404036741613	74.94200596747828	74.9726378509353	75.00594659210812	75.04207242872688	75.07524760067342	NaN	NaN	NaN	2.775055572550059	-6.359746641913292	1.4136311060595093	-0.6280437106117814	2.050979558716017	0.22275921332717838	-7.335184843027509	NaN	NaN	NaN	0.030193570703257414	0.03376159170320077	0.03733025201282483	0.040874117341230684	0.04442786345472264	0.04816396333909691	0.044208762994982186
Slovenia	1225.4005833333333	1259.7736666666667	1373.8356666666666	1182.27175	1295.5435	1283.0734166666668	1286.8308333333334	1268.6961666666668	1357.4728333333333	1254.00475	1065.2500166666666	NaN	NaN	NaN	NaN	NaN	NaN	NaN	NaN	NaN	NaN	93.14536020119697	93.82540376529482	94.50544732939248	95.18549089349035	95.865534457588	96.54557802168588	97.22562158578354	97.9056651498814	98.27432090966522	98.27432090966522	98.27432090966522	2.805048716382342	9.054166079039057	-13.943728592478418	9.580855670449697	-0.9625368297809491	0.29284502491120784	-1.4092502446255177	6.997472602121553	-7.622110792395222	-15.052154573842996	0.730088501057854	0.7247968426533974	0.7195813398222698	0.7144403603051146	0.7093723181596042	0.7043756721254584	0.699448924065603	0.37654180605325965	0.0	0.0
Spain	23881.166666666668	22949.916666666668	22365.000083333332	22479.249916666668	22028.66633333333	22076.500008333333	21985.583333333332	21982.999991666667	21215.916666666668	22110.916666666668	23647.555225	NaN	NaN	NaN	NaN	NaN	NaN	NaN	NaN	NaN	NaN	99.59834367450986	99.57171641412872	99.5449356902683	99.5476438755299	99.55036582786856	99.5531187860868	99.55587388346277	99.55867592882348	99.56148003348824	99.56429637746096	99.56714263730184	-3.8995163552869414	-2.5486653909418786	0.5108420876710636	-2.0044422523158256	0.21714285502441302	-0.4118255836100903	-0.011750162037992945	-3.4894387721911757	4.218530898578504	6.949682735903451	-0.02673464176087696	-0.02689591464811993	0.0027205655845947752	0.0027343212081081332	0.0027653923673151407	0.0027674646556149836	0.0028145454923029648	0.0028165347104116417	0.002828748600139154	0.0028587153672927587
Sweden	13569.083333333334	12461.583250000001	12496.416583333334	13253.749916666668	12710.880225	13377.166666666666	13306.416666666666	13803.749991666666	13409.5	14051.916666666666	14384.726391666665	NaN	NaN	NaN	NaN	NaN	NaN	NaN	NaN	NaN	NaN	99.56925043672196	99.59030640819805	99.61101067575926	99.6313874133782	99.65142492858551	99.67114085238352	99.69053302186528	99.7096130354211	99.72807241184512	99.73844576731943	99.73887986575748	-8.161937369878823	0.2795257443176983	6.0604040228892595	-4.095970537243991	5.241859177904929	-0.5288862863336781	3.7375451066841157	-2.856107883036673	4.790757796089832	2.368429395752649	0.021147062354827172	0.020789440566988778	0.020456310482857953	0.020111649277922108	0.019784888988925557	0.019456152820084904	0.019139243193370386	0.0185131361581571	0.010401640404194062	0.0004352368183697211
Switzerland	5679.918000000001	5709.5825	5832.160916666667	5509.804166666666	5141.630916666666	5138.10415	5620.898841666666	5978.839025	5834.998416666666	5385.308666666667	5397.022608333334	NaN	NaN	NaN	NaN	NaN	NaN	NaN	NaN	NaN	NaN	96.70000044879866	96.69999932283632	96.6999973011694	96.69999637396104	96.70000223313978	96.70000013408011	96.70000093164408	96.6999987666662	96.6999976825074	96.700000065191	96.7000018583182	0.5222698637550729	2.146889315754107	-5.527226607873531	-6.682147656488091	-0.0685923731949307	9.396358609559638	6.368023930265224	-2.40582841805703	-7.706767301179351	0.2175166251689975	-1.164387111483302e-06	-2.090658665780468e-06	-9.58850452453899e-07	6.059130260487168e-06	-2.170692474140042e-06	8.24781767649302e-07	-2.238860253357145e-06	-1.121156991048221e-06	2.463995513235945e-06	1.8543197474027952e-06
United Kingdom	28824.083416666665	28369.5	26801.416666666668	27287.263583333333	26825.867758333334	26737.433758333336	26371.884674999998	25995.917433333332	25000.236758333336	24763.33059166667	26531.71021666667	NaN	NaN	NaN	NaN	NaN	NaN	NaN	NaN	NaN	NaN	99.92542051342764	99.9132910436684	99.90116268509269	99.88903782864152	99.8769077507623	99.86478466896337	99.85265697427896	99.8405271741814	99.82840528451256	99.81627466547938	99.80414700588742	-1.5770958267620587	-5.5273562570131025	1.812765805290139	-1.690883454073473	-0.32965941976853985	-1.3671808844384963	-1.4256366061811068	-3.830142473538102	-0.9476156924301908	7.141121903832656	-0.012138522607082503	-0.01213888407540046	-0.012136852189984861	-0.012143552628897464	-0.01213802276416624	-0.012144115390235485	-0.012147698884646386	-0.012141251665968997	-0.012151470314085247	-0.012149982187386124
United States	339762.5833333333	341116.74991666665	343629.33341666666	342434.9166666667	343287.05158333335	340500.21725	353077.28308333334	349631.11641666666	337646.7285833333	348954.06982499996	360905.88580833335	NaN	NaN	NaN	NaN	NaN	NaN	NaN	NaN	NaN	NaN	95.88738531438142	96.05080531240289	96.21326611445646	96.37470934959508	96.53506742679296	96.69435079669304	96.85243255576636	97.00932989839488	97.16495748935569	97.31930029470944	97.46838874524605	0.39856259922676573	0.7365758206285153	-0.34758870499326333	0.248845802572215	-0.811808753193493	3.693702733851444	-0.9760374942766628	-3.427723469283884	3.348867406211495	3.4250398596374625	0.17042908979702603	0.1691404892704162	0.16779727126877192	0.1663902057708855	0.16500052690269537	0.1634860338487513	0.16199628495462515	0.16042538498493403	0.1588461615605171	0.15319515253924876
